{"cameraMode":{"drawMode":0,"name":"Shaded","section":"Shading Mode"},"sceneLighting":false,"audioPlay":false,"sceneViewState":{"showFog":true,"showMaterialUpdate":false,"showSkybox":true,"showFlares":true,"showImageEffects":true,"showParticleSystems":true},"in2DMode":false,"pivot":{"x":440.6986999511719,"y":205.50003051757813,"z":0.0},"rotation":{"x":0.02399705909192562,"y":0.0020922068506479265,"z":0.00005042406701250002,"w":-0.9997098445892334},"size":736.1417846679688,"orthographic":false}