{"cameraMode":{"drawMode":0,"name":"Shaded","section":"Shading Mode"},"sceneLighting":true,"audioPlay":false,"sceneViewState":{"showFog":true,"showMaterialUpdate":false,"showSkybox":true,"showFlares":true,"showImageEffects":true,"showParticleSystems":true},"in2DMode":false,"pivot":{"x":-13.701751708984375,"y":20.190879821777345,"z":-42.285316467285159},"rotation":{"x":-0.0672299861907959,"y":0.6311226487159729,"z":-0.05504685640335083,"w":-0.7708010077476502},"size":436.2288818359375,"orthographic":false}