{"cameraMode":{"drawMode":0,"name":"Shaded","section":"Shading Mode"},"sceneLighting":true,"audioPlay":false,"sceneViewState":{"showFog":true,"showMaterialUpdate":false,"showSkybox":true,"showFlares":true,"showImageEffects":true,"showParticleSystems":true},"in2DMode":false,"pivot":{"x":453.9171142578125,"y":283.9434509277344,"z":-11.739200592041016},"rotation":{"x":0.02399705909192562,"y":0.0020922068506479265,"z":0.00005042406701250002,"w":-0.9997098445892334},"size":815.246337890625,"orthographic":false}